"Reference","Qty","Value","DNP","Exclude from BOM","Exclude from Board","Footprint","Datasheet"
"C1","1","10nF","","","","Capacitor_THT:C_Disc_D3.0mm_W2.0mm_P2.50mm","~"
"C2","1","100n","","","","Capacitor_THT:C_Disc_D3.0mm_W2.0mm_P2.50mm","~"
"C3","1","10n","","","","Capacitor_THT:C_Disc_D3.0mm_W2.0mm_P2.50mm","~"
"C4","1","1u","","","","Capacitor_THT:C_Disc_D3.0mm_W2.0mm_P2.50mm","~"
"C5,C6","2","20p","","","","Capacitor_THT:C_Disc_D3.0mm_W2.0mm_P2.50mm","~"
"C7,C8","2","15p","","","","Capacitor_THT:C_Disc_D3.0mm_W2.0mm_P2.50mm","~"
"C9","1","10uF","","","","Capacitor_THT:C_Disc_D3.0mm_W2.0mm_P2.50mm","~"
"C10","1","100nF","","","","Capacitor_THT:C_Disc_D3.0mm_W2.0mm_P2.50mm","~"
"D1","1","LED","","","","LED_SMD:LED_0201_0603Metric_Pad0.64x0.40mm_HandSolder","~"
"IC1","1","MC68681P","","","","Package_DIP:DIP-40_W15.24mm",""
"J1","1","Conn_Coaxial_Power","","","","Connector_BarrelJack:BarrelJack_CUI_PJ-102AH_Horizontal","~"
"J2","1","FT232RL board","","","","Connector_PinHeader_2.54mm:PinHeader_1x06_P2.54mm_Vertical","~"
"J3","1","DUART_OP_PORT","","","","Connector_PinHeader_2.54mm:PinHeader_2x10_P2.54mm_Vertical","~"
"R1,R7,R9","3","1M","","","","Resistor_THT:R_Axial_DIN0207_L6.3mm_D2.5mm_P7.62mm_Horizontal","~"
"R2,R3,R4,R6,R10,R11,R12,R13,R14,R15,R17","11","4.7K","","","","Resistor_THT:R_Axial_DIN0207_L6.3mm_D2.5mm_P7.62mm_Horizontal","~"
"R5,R8","2","470","","","","Resistor_THT:R_Axial_DIN0207_L6.3mm_D2.5mm_P7.62mm_Horizontal","~"
"R16","1","10K","","","","Resistor_THT:R_Axial_DIN0207_L6.3mm_D2.5mm_P7.62mm_Horizontal","~"
"RN1","1","4.7K","","","","Resistor_THT:R_Array_SIP11","http://www.vishay.com/docs/31509/csc.pdf"
"RV1","1","10K","","","","Potentiometer_THT:Potentiometer_Bourns_3296W_Vertical","~"
"SW1","1","reset","","","","Button_Switch_THT:SW_PUSH_6mm","~"
"SW2","1","SW_SPST","","","","","~"
"U1","1","68000D","","","","Package_DIP:DIP-64_W22.86mm","https://www.nxp.com/docs/en/reference-manual/MC68000UM.pdf"
"U2","1","LM555xN","","","","Package_DIP:DIP-8_W7.62mm","http://www.ti.com/lit/ds/symlink/lm555.pdf"
"U3,U4,U5","3","74LS373","","","","Package_DIP:DIP-20_W7.62mm","http://www.ti.com/lit/gpn/sn74LS373"
"U6,U7","2","74LS245","","","","Package_DIP:DIP-20_W7.62mm","http://www.ti.com/lit/gpn/sn74LS245"
"U8,U18","2","74LS32","","","","","http://www.ti.com/lit/gpn/sn74LS32"
"U8,U17","2","74LS32","","","","Package_DIP:DIP-14_W7.62mm","http://www.ti.com/lit/gpn/sn74LS32"
"U9,U10","2","74LS04","","","","Package_DIP:DIP-14_W7.62mm","http://www.ti.com/lit/gpn/sn74LS04"
"U11,U29","2","74LS138","","","","Package_DIP:DIP-16_W7.62mm","http://www.ti.com/lit/gpn/sn74LS138"
"U12,U20","2","628128_DIP32_SSOP32","","","","Package_DIP:DIP-32_W15.24mm","http://www.futurlec.com/Datasheet/Memory/628128.pdf"
"U13,U25,U26","3","74LS00","","","","Package_DIP:DIP-14_W7.62mm","http://www.ti.com/lit/gpn/sn74ls00"
"U14","1","74LS08","","","","Package_DIP:DIP-14_W7.62mm","http://www.ti.com/lit/gpn/sn74LS08"
"U15,U16","2","28C256","","","","Package_DIP:DIP-28_W15.24mm","http://ww1.microchip.com/downloads/en/DeviceDoc/doc0006.pdf"
"U19","1","EW20200YMY","","","","Connector_PinHeader_2.54mm:PinHeader_2x08_P2.54mm_Vertical","http://www.ti.com/lit/ds/symlink/cd4504b.pdf"
"U31","1","DS12887","","","","Package_DIP:DIP-24_W15.24mm","https://www.analog.com/media/en/technical-documentation/data-sheets/ds12885.pdf"
"Y1","1","16MHz","","","","Crystal:Crystal_HC49-U_Horizontal","~"
"Y2","1","3.6864 MHz","","","","Crystal:Crystal_HC49-U_Horizontal","~"
